confinan_ord,n,prop
1,379,0.16980286738351255
2,1274,0.5707885304659498
3,579,0.2594086021505376
