polviews_bin,confinan_ord,n,prop_within_ideo
Liberal,1,114,0.15833333333333333
Liberal,2,407,0.5652777777777778
Liberal,3,199,0.2763888888888889
Moderate,1,150,0.18382352941176472
Moderate,2,459,0.5625
Moderate,3,207,0.2536764705882353
Conservative,1,115,0.16522988505747127
Conservative,2,408,0.5862068965517241
Conservative,3,173,0.24856321839080459
