metric,value
n_rows,2232
n_cols,11
age_mean,49.2840501792115
age_sd,17.2692173622336
income_mean,11.055107526881716
income_sd,2.464469322728234
