metric,value
elpd_diff_m2_minus_m1,0.15270584798781783
se_diff_approx,34.11070689844315
