category,observed,pred_mean,pred_q025,pred_q975,model
1,0.1695906432748538,0.16966520467836257,0.14799820062977959,0.19208277103013946,Model1
2,0.5708502024291497,0.5699489428699955,0.5416104363472785,0.5982905982905983,Model1
3,0.2595591542959964,0.2603858524516419,0.2352676563202879,0.28609986504723345,Model1
1,0.1695906432748538,0.16950236167341431,0.1484480431848853,0.19118308591992803,Model2
2,0.5708502024291497,0.5700909806567701,0.540710751237067,0.5982905982905983,Model2
3,0.2595591542959964,0.2604066576698156,0.23616734143049933,0.28609986504723345,Model2
