variable,n_missing,pct_missing
confinan,1372,0.34420471650777723
income,423,0.1061214249874561
polviews,164,0.04114400401404917
age,127,0.03186151530356247
sex,30,0.007526342197691922
degree,7,0.0017561465127947818
id,0,0
region,0,0
